<?xml version="1.0" encoding="UTF-8"?>
<spirit:component xmlns:xilinx="http://www.xilinx.com" xmlns:spirit="http://www.spiritconsortium.org/XMLSchema/SPIRIT/1685-2009" xmlns:xsi="http://www.w3.org/2001/XMLSchema-instance">
  <spirit:vendor>Unai</spirit:vendor>
  <spirit:library>user</spirit:library>
  <spirit:name>QPSKBlockIP</spirit:name>
  <spirit:version>1.0</spirit:version>
  <spirit:busInterfaces>
    <spirit:busInterface>
      <spirit:name>S01_AXI</spirit:name>
      <spirit:busType spirit:vendor="xilinx.com" spirit:library="interface" spirit:name="aximm" spirit:version="1.0"/>
      <spirit:abstractionType spirit:vendor="xilinx.com" spirit:library="interface" spirit:name="aximm_rtl" spirit:version="1.0"/>
      <spirit:slave>
        <spirit:memoryMapRef spirit:memoryMapRef="S01_AXI"/>
      </spirit:slave>
      <spirit:portMaps>
        <spirit:portMap>
          <spirit:logicalPort>
            <spirit:name>AWADDR</spirit:name>
          </spirit:logicalPort>
          <spirit:physicalPort>
            <spirit:name>s01_axi_awaddr</spirit:name>
          </spirit:physicalPort>
        </spirit:portMap>
        <spirit:portMap>
          <spirit:logicalPort>
            <spirit:name>AWPROT</spirit:name>
          </spirit:logicalPort>
          <spirit:physicalPort>
            <spirit:name>s01_axi_awprot</spirit:name>
          </spirit:physicalPort>
        </spirit:portMap>
        <spirit:portMap>
          <spirit:logicalPort>
            <spirit:name>AWVALID</spirit:name>
          </spirit:logicalPort>
          <spirit:physicalPort>
            <spirit:name>s01_axi_awvalid</spirit:name>
          </spirit:physicalPort>
        </spirit:portMap>
        <spirit:portMap>
          <spirit:logicalPort>
            <spirit:name>AWREADY</spirit:name>
          </spirit:logicalPort>
          <spirit:physicalPort>
            <spirit:name>s01_axi_awready</spirit:name>
          </spirit:physicalPort>
        </spirit:portMap>
        <spirit:portMap>
          <spirit:logicalPort>
            <spirit:name>WDATA</spirit:name>
          </spirit:logicalPort>
          <spirit:physicalPort>
            <spirit:name>s01_axi_wdata</spirit:name>
          </spirit:physicalPort>
        </spirit:portMap>
        <spirit:portMap>
          <spirit:logicalPort>
            <spirit:name>WSTRB</spirit:name>
          </spirit:logicalPort>
          <spirit:physicalPort>
            <spirit:name>s01_axi_wstrb</spirit:name>
          </spirit:physicalPort>
        </spirit:portMap>
        <spirit:portMap>
          <spirit:logicalPort>
            <spirit:name>WVALID</spirit:name>
          </spirit:logicalPort>
          <spirit:physicalPort>
            <spirit:name>s01_axi_wvalid</spirit:name>
          </spirit:physicalPort>
        </spirit:portMap>
        <spirit:portMap>
          <spirit:logicalPort>
            <spirit:name>WREADY</spirit:name>
          </spirit:logicalPort>
          <spirit:physicalPort>
            <spirit:name>s01_axi_wready</spirit:name>
          </spirit:physicalPort>
        </spirit:portMap>
        <spirit:portMap>
          <spirit:logicalPort>
            <spirit:name>BRESP</spirit:name>
          </spirit:logicalPort>
          <spirit:physicalPort>
            <spirit:name>s01_axi_bresp</spirit:name>
          </spirit:physicalPort>
        </spirit:portMap>
        <spirit:portMap>
          <spirit:logicalPort>
            <spirit:name>BVALID</spirit:name>
          </spirit:logicalPort>
          <spirit:physicalPort>
            <spirit:name>s01_axi_bvalid</spirit:name>
          </spirit:physicalPort>
        </spirit:portMap>
        <spirit:portMap>
          <spirit:logicalPort>
            <spirit:name>BREADY</spirit:name>
          </spirit:logicalPort>
          <spirit:physicalPort>
            <spirit:name>s01_axi_bready</spirit:name>
          </spirit:physicalPort>
        </spirit:portMap>
        <spirit:portMap>
          <spirit:logicalPort>
            <spirit:name>ARADDR</spirit:name>
          </spirit:logicalPort>
          <spirit:physicalPort>
            <spirit:name>s01_axi_araddr</spirit:name>
          </spirit:physicalPort>
        </spirit:portMap>
        <spirit:portMap>
          <spirit:logicalPort>
            <spirit:name>ARPROT</spirit:name>
          </spirit:logicalPort>
          <spirit:physicalPort>
            <spirit:name>s01_axi_arprot</spirit:name>
          </spirit:physicalPort>
        </spirit:portMap>
        <spirit:portMap>
          <spirit:logicalPort>
            <spirit:name>ARVALID</spirit:name>
          </spirit:logicalPort>
          <spirit:physicalPort>
            <spirit:name>s01_axi_arvalid</spirit:name>
          </spirit:physicalPort>
        </spirit:portMap>
        <spirit:portMap>
          <spirit:logicalPort>
            <spirit:name>ARREADY</spirit:name>
          </spirit:logicalPort>
          <spirit:physicalPort>
            <spirit:name>s01_axi_arready</spirit:name>
          </spirit:physicalPort>
        </spirit:portMap>
        <spirit:portMap>
          <spirit:logicalPort>
            <spirit:name>RDATA</spirit:name>
          </spirit:logicalPort>
          <spirit:physicalPort>
            <spirit:name>s01_axi_rdata</spirit:name>
          </spirit:physicalPort>
        </spirit:portMap>
        <spirit:portMap>
          <spirit:logicalPort>
            <spirit:name>RRESP</spirit:name>
          </spirit:logicalPort>
          <spirit:physicalPort>
            <spirit:name>s01_axi_rresp</spirit:name>
          </spirit:physicalPort>
        </spirit:portMap>
        <spirit:portMap>
          <spirit:logicalPort>
            <spirit:name>RVALID</spirit:name>
          </spirit:logicalPort>
          <spirit:physicalPort>
            <spirit:name>s01_axi_rvalid</spirit:name>
          </spirit:physicalPort>
        </spirit:portMap>
        <spirit:portMap>
          <spirit:logicalPort>
            <spirit:name>RREADY</spirit:name>
          </spirit:logicalPort>
          <spirit:physicalPort>
            <spirit:name>s01_axi_rready</spirit:name>
          </spirit:physicalPort>
        </spirit:portMap>
      </spirit:portMaps>
      <spirit:parameters>
        <spirit:parameter>
          <spirit:name>WIZ_DATA_WIDTH</spirit:name>
          <spirit:value spirit:format="long" spirit:id="BUSIFPARAM_VALUE.S01_AXI.WIZ_DATA_WIDTH" spirit:choiceRef="choice_list_6fc15197">32</spirit:value>
        </spirit:parameter>
        <spirit:parameter>
          <spirit:name>WIZ_NUM_REG</spirit:name>
          <spirit:value spirit:format="long" spirit:id="BUSIFPARAM_VALUE.S01_AXI.WIZ_NUM_REG" spirit:minimum="4" spirit:maximum="512" spirit:rangeType="long">4</spirit:value>
        </spirit:parameter>
        <spirit:parameter>
          <spirit:name>SUPPORTS_NARROW_BURST</spirit:name>
          <spirit:value spirit:format="long" spirit:id="BUSIFPARAM_VALUE.S01_AXI.SUPPORTS_NARROW_BURST" spirit:choiceRef="choice_pairs_ce1226b1">0</spirit:value>
        </spirit:parameter>
      </spirit:parameters>
    </spirit:busInterface>
    <spirit:busInterface>
      <spirit:name>S01_AXI_RST</spirit:name>
      <spirit:busType spirit:vendor="xilinx.com" spirit:library="signal" spirit:name="reset" spirit:version="1.0"/>
      <spirit:abstractionType spirit:vendor="xilinx.com" spirit:library="signal" spirit:name="reset_rtl" spirit:version="1.0"/>
      <spirit:slave/>
      <spirit:portMaps>
        <spirit:portMap>
          <spirit:logicalPort>
            <spirit:name>RST</spirit:name>
          </spirit:logicalPort>
          <spirit:physicalPort>
            <spirit:name>s01_axi_aresetn</spirit:name>
          </spirit:physicalPort>
        </spirit:portMap>
      </spirit:portMaps>
      <spirit:parameters>
        <spirit:parameter>
          <spirit:name>POLARITY</spirit:name>
          <spirit:value spirit:id="BUSIFPARAM_VALUE.S01_AXI_RST.POLARITY" spirit:choiceRef="choice_list_9d8b0d81">ACTIVE_LOW</spirit:value>
        </spirit:parameter>
      </spirit:parameters>
    </spirit:busInterface>
    <spirit:busInterface>
      <spirit:name>S01_AXI_CLK</spirit:name>
      <spirit:busType spirit:vendor="xilinx.com" spirit:library="signal" spirit:name="clock" spirit:version="1.0"/>
      <spirit:abstractionType spirit:vendor="xilinx.com" spirit:library="signal" spirit:name="clock_rtl" spirit:version="1.0"/>
      <spirit:slave/>
      <spirit:portMaps>
        <spirit:portMap>
          <spirit:logicalPort>
            <spirit:name>CLK</spirit:name>
          </spirit:logicalPort>
          <spirit:physicalPort>
            <spirit:name>s01_axi_aclk</spirit:name>
          </spirit:physicalPort>
        </spirit:portMap>
      </spirit:portMaps>
      <spirit:parameters>
        <spirit:parameter>
          <spirit:name>ASSOCIATED_BUSIF</spirit:name>
          <spirit:value spirit:id="BUSIFPARAM_VALUE.S01_AXI_CLK.ASSOCIATED_BUSIF">S01_AXI</spirit:value>
        </spirit:parameter>
        <spirit:parameter>
          <spirit:name>ASSOCIATED_RESET</spirit:name>
          <spirit:value spirit:id="BUSIFPARAM_VALUE.S01_AXI_CLK.ASSOCIATED_RESET">s01_axi_aresetn</spirit:value>
        </spirit:parameter>
      </spirit:parameters>
    </spirit:busInterface>
  </spirit:busInterfaces>
  <spirit:memoryMaps>
    <spirit:memoryMap>
      <spirit:name>S01_AXI</spirit:name>
      <spirit:addressBlock>
        <spirit:name>S01_AXI_reg</spirit:name>
        <spirit:baseAddress spirit:format="long" spirit:resolve="user">0</spirit:baseAddress>
        <spirit:range spirit:format="long">4096</spirit:range>
        <spirit:width spirit:format="long">32</spirit:width>
        <spirit:usage>register</spirit:usage>
        <spirit:parameters>
          <spirit:parameter>
            <spirit:name>OFFSET_BASE_PARAM</spirit:name>
            <spirit:value spirit:id="ADDRBLOCKPARAM_VALUE.S01_AXI.S01_AXI_REG.OFFSET_BASE_PARAM">C_S01_AXI_BASEADDR</spirit:value>
          </spirit:parameter>
          <spirit:parameter>
            <spirit:name>OFFSET_HIGH_PARAM</spirit:name>
            <spirit:value spirit:id="ADDRBLOCKPARAM_VALUE.S01_AXI.S01_AXI_REG.OFFSET_HIGH_PARAM">C_S01_AXI_HIGHADDR</spirit:value>
          </spirit:parameter>
        </spirit:parameters>
      </spirit:addressBlock>
    </spirit:memoryMap>
  </spirit:memoryMaps>
  <spirit:model>
    <spirit:views>
      <spirit:view>
        <spirit:name>xilinx_vhdlsynthesis</spirit:name>
        <spirit:displayName>VHDL Synthesis</spirit:displayName>
        <spirit:envIdentifier>vhdlSource:vivado.xilinx.com:synthesis</spirit:envIdentifier>
        <spirit:language>vhdl</spirit:language>
        <spirit:modelName>QPSKBlockIP_v1_0</spirit:modelName>
        <spirit:fileSetRef>
          <spirit:localName>xilinx_vhdlsynthesis_xilinx_com_ip_fifo_generator_13_2__ref_view_fileset</spirit:localName>
        </spirit:fileSetRef>
        <spirit:fileSetRef>
          <spirit:localName>xilinx_vhdlsynthesis_xilinx_com_ip_blk_mem_gen_8_4__ref_view_fileset</spirit:localName>
        </spirit:fileSetRef>
        <spirit:fileSetRef>
          <spirit:localName>xilinx_vhdlsynthesis_view_fileset</spirit:localName>
        </spirit:fileSetRef>
        <spirit:parameters>
          <spirit:parameter>
            <spirit:name>viewChecksum</spirit:name>
            <spirit:value>50d641b5</spirit:value>
          </spirit:parameter>
        </spirit:parameters>
      </spirit:view>
      <spirit:view>
        <spirit:name>xilinx_vhdlbehavioralsimulation</spirit:name>
        <spirit:displayName>VHDL Simulation</spirit:displayName>
        <spirit:envIdentifier>vhdlSource:vivado.xilinx.com:simulation</spirit:envIdentifier>
        <spirit:language>vhdl</spirit:language>
        <spirit:modelName>QPSKBlockIP_v1_0</spirit:modelName>
        <spirit:fileSetRef>
          <spirit:localName>xilinx_vhdlbehavioralsimulation_xilinx_com_ip_fifo_generator_13_2__ref_view_fileset</spirit:localName>
        </spirit:fileSetRef>
        <spirit:fileSetRef>
          <spirit:localName>xilinx_vhdlbehavioralsimulation_xilinx_com_ip_blk_mem_gen_8_4__ref_view_fileset</spirit:localName>
        </spirit:fileSetRef>
        <spirit:fileSetRef>
          <spirit:localName>xilinx_vhdlbehavioralsimulation_view_fileset</spirit:localName>
        </spirit:fileSetRef>
        <spirit:parameters>
          <spirit:parameter>
            <spirit:name>viewChecksum</spirit:name>
            <spirit:value>50d641b5</spirit:value>
          </spirit:parameter>
        </spirit:parameters>
      </spirit:view>
      <spirit:view>
        <spirit:name>xilinx_softwaredriver</spirit:name>
        <spirit:displayName>Software Driver</spirit:displayName>
        <spirit:envIdentifier>:vivado.xilinx.com:sw.driver</spirit:envIdentifier>
        <spirit:fileSetRef>
          <spirit:localName>xilinx_softwaredriver_view_fileset</spirit:localName>
        </spirit:fileSetRef>
        <spirit:parameters>
          <spirit:parameter>
            <spirit:name>viewChecksum</spirit:name>
            <spirit:value>6157ab26</spirit:value>
          </spirit:parameter>
        </spirit:parameters>
      </spirit:view>
      <spirit:view>
        <spirit:name>xilinx_xpgui</spirit:name>
        <spirit:displayName>UI Layout</spirit:displayName>
        <spirit:envIdentifier>:vivado.xilinx.com:xgui.ui</spirit:envIdentifier>
        <spirit:fileSetRef>
          <spirit:localName>xilinx_xpgui_view_fileset</spirit:localName>
        </spirit:fileSetRef>
        <spirit:parameters>
          <spirit:parameter>
            <spirit:name>viewChecksum</spirit:name>
            <spirit:value>a6ce5687</spirit:value>
          </spirit:parameter>
        </spirit:parameters>
      </spirit:view>
      <spirit:view>
        <spirit:name>bd_tcl</spirit:name>
        <spirit:displayName>Block Diagram</spirit:displayName>
        <spirit:envIdentifier>:vivado.xilinx.com:block.diagram</spirit:envIdentifier>
        <spirit:fileSetRef>
          <spirit:localName>bd_tcl_view_fileset</spirit:localName>
        </spirit:fileSetRef>
        <spirit:parameters>
          <spirit:parameter>
            <spirit:name>viewChecksum</spirit:name>
            <spirit:value>16328387</spirit:value>
          </spirit:parameter>
        </spirit:parameters>
      </spirit:view>
    </spirit:views>
    <spirit:ports>
      <spirit:port>
        <spirit:name>m01_axi_tdata</spirit:name>
        <spirit:wire>
          <spirit:direction>out</spirit:direction>
          <spirit:vector>
            <spirit:left spirit:format="long">31</spirit:left>
            <spirit:right spirit:format="long">0</spirit:right>
          </spirit:vector>
          <spirit:wireTypeDefs>
            <spirit:wireTypeDef>
              <spirit:typeName>std_logic_vector</spirit:typeName>
              <spirit:viewNameRef>xilinx_vhdlsynthesis</spirit:viewNameRef>
              <spirit:viewNameRef>xilinx_vhdlbehavioralsimulation</spirit:viewNameRef>
            </spirit:wireTypeDef>
          </spirit:wireTypeDefs>
        </spirit:wire>
      </spirit:port>
      <spirit:port>
        <spirit:name>m01_axi_tvalid</spirit:name>
        <spirit:wire>
          <spirit:direction>out</spirit:direction>
          <spirit:wireTypeDefs>
            <spirit:wireTypeDef>
              <spirit:typeName>std_logic</spirit:typeName>
              <spirit:viewNameRef>xilinx_vhdlsynthesis</spirit:viewNameRef>
              <spirit:viewNameRef>xilinx_vhdlbehavioralsimulation</spirit:viewNameRef>
            </spirit:wireTypeDef>
          </spirit:wireTypeDefs>
        </spirit:wire>
      </spirit:port>
      <spirit:port>
        <spirit:name>m01_axi_tready</spirit:name>
        <spirit:wire>
          <spirit:direction>in</spirit:direction>
          <spirit:wireTypeDefs>
            <spirit:wireTypeDef>
              <spirit:typeName>std_logic</spirit:typeName>
              <spirit:viewNameRef>xilinx_vhdlsynthesis</spirit:viewNameRef>
              <spirit:viewNameRef>xilinx_vhdlbehavioralsimulation</spirit:viewNameRef>
            </spirit:wireTypeDef>
          </spirit:wireTypeDefs>
        </spirit:wire>
      </spirit:port>
      <spirit:port>
        <spirit:name>s01_axi_awaddr</spirit:name>
        <spirit:wire>
          <spirit:direction>in</spirit:direction>
          <spirit:vector>
            <spirit:left spirit:format="long" spirit:resolve="dependent" spirit:dependency="(spirit:decode(id(&apos;MODELPARAM_VALUE.C_S01_AXI_ADDR_WIDTH&apos;)) - 1)">3</spirit:left>
            <spirit:right spirit:format="long">0</spirit:right>
          </spirit:vector>
          <spirit:wireTypeDefs>
            <spirit:wireTypeDef>
              <spirit:typeName>std_logic_vector</spirit:typeName>
              <spirit:viewNameRef>xilinx_vhdlsynthesis</spirit:viewNameRef>
              <spirit:viewNameRef>xilinx_vhdlbehavioralsimulation</spirit:viewNameRef>
            </spirit:wireTypeDef>
          </spirit:wireTypeDefs>
        </spirit:wire>
      </spirit:port>
      <spirit:port>
        <spirit:name>s01_axi_awprot</spirit:name>
        <spirit:wire>
          <spirit:direction>in</spirit:direction>
          <spirit:vector>
            <spirit:left spirit:format="long">2</spirit:left>
            <spirit:right spirit:format="long">0</spirit:right>
          </spirit:vector>
          <spirit:wireTypeDefs>
            <spirit:wireTypeDef>
              <spirit:typeName>std_logic_vector</spirit:typeName>
              <spirit:viewNameRef>xilinx_vhdlsynthesis</spirit:viewNameRef>
              <spirit:viewNameRef>xilinx_vhdlbehavioralsimulation</spirit:viewNameRef>
            </spirit:wireTypeDef>
          </spirit:wireTypeDefs>
        </spirit:wire>
      </spirit:port>
      <spirit:port>
        <spirit:name>s01_axi_awvalid</spirit:name>
        <spirit:wire>
          <spirit:direction>in</spirit:direction>
          <spirit:wireTypeDefs>
            <spirit:wireTypeDef>
              <spirit:typeName>std_logic</spirit:typeName>
              <spirit:viewNameRef>xilinx_vhdlsynthesis</spirit:viewNameRef>
              <spirit:viewNameRef>xilinx_vhdlbehavioralsimulation</spirit:viewNameRef>
            </spirit:wireTypeDef>
          </spirit:wireTypeDefs>
        </spirit:wire>
      </spirit:port>
      <spirit:port>
        <spirit:name>s01_axi_awready</spirit:name>
        <spirit:wire>
          <spirit:direction>out</spirit:direction>
          <spirit:wireTypeDefs>
            <spirit:wireTypeDef>
              <spirit:typeName>std_logic</spirit:typeName>
              <spirit:viewNameRef>xilinx_vhdlsynthesis</spirit:viewNameRef>
              <spirit:viewNameRef>xilinx_vhdlbehavioralsimulation</spirit:viewNameRef>
            </spirit:wireTypeDef>
          </spirit:wireTypeDefs>
        </spirit:wire>
      </spirit:port>
      <spirit:port>
        <spirit:name>s01_axi_wdata</spirit:name>
        <spirit:wire>
          <spirit:direction>in</spirit:direction>
          <spirit:vector>
            <spirit:left spirit:format="long" spirit:resolve="dependent" spirit:dependency="(spirit:decode(id(&apos;MODELPARAM_VALUE.C_S01_AXI_DATA_WIDTH&apos;)) - 1)">31</spirit:left>
            <spirit:right spirit:format="long">0</spirit:right>
          </spirit:vector>
          <spirit:wireTypeDefs>
            <spirit:wireTypeDef>
              <spirit:typeName>std_logic_vector</spirit:typeName>
              <spirit:viewNameRef>xilinx_vhdlsynthesis</spirit:viewNameRef>
              <spirit:viewNameRef>xilinx_vhdlbehavioralsimulation</spirit:viewNameRef>
            </spirit:wireTypeDef>
          </spirit:wireTypeDefs>
        </spirit:wire>
      </spirit:port>
      <spirit:port>
        <spirit:name>s01_axi_wstrb</spirit:name>
        <spirit:wire>
          <spirit:direction>in</spirit:direction>
          <spirit:vector>
            <spirit:left spirit:format="long" spirit:resolve="dependent" spirit:dependency="((spirit:decode(id(&apos;MODELPARAM_VALUE.C_S01_AXI_DATA_WIDTH&apos;)) / 8) - 1)">3</spirit:left>
            <spirit:right spirit:format="long">0</spirit:right>
          </spirit:vector>
          <spirit:wireTypeDefs>
            <spirit:wireTypeDef>
              <spirit:typeName>std_logic_vector</spirit:typeName>
              <spirit:viewNameRef>xilinx_vhdlsynthesis</spirit:viewNameRef>
              <spirit:viewNameRef>xilinx_vhdlbehavioralsimulation</spirit:viewNameRef>
            </spirit:wireTypeDef>
          </spirit:wireTypeDefs>
        </spirit:wire>
      </spirit:port>
      <spirit:port>
        <spirit:name>s01_axi_wvalid</spirit:name>
        <spirit:wire>
          <spirit:direction>in</spirit:direction>
          <spirit:wireTypeDefs>
            <spirit:wireTypeDef>
              <spirit:typeName>std_logic</spirit:typeName>
              <spirit:viewNameRef>xilinx_vhdlsynthesis</spirit:viewNameRef>
              <spirit:viewNameRef>xilinx_vhdlbehavioralsimulation</spirit:viewNameRef>
            </spirit:wireTypeDef>
          </spirit:wireTypeDefs>
        </spirit:wire>
      </spirit:port>
      <spirit:port>
        <spirit:name>s01_axi_wready</spirit:name>
        <spirit:wire>
          <spirit:direction>out</spirit:direction>
          <spirit:wireTypeDefs>
            <spirit:wireTypeDef>
              <spirit:typeName>std_logic</spirit:typeName>
              <spirit:viewNameRef>xilinx_vhdlsynthesis</spirit:viewNameRef>
              <spirit:viewNameRef>xilinx_vhdlbehavioralsimulation</spirit:viewNameRef>
            </spirit:wireTypeDef>
          </spirit:wireTypeDefs>
        </spirit:wire>
      </spirit:port>
      <spirit:port>
        <spirit:name>s01_axi_bresp</spirit:name>
        <spirit:wire>
          <spirit:direction>out</spirit:direction>
          <spirit:vector>
            <spirit:left spirit:format="long">1</spirit:left>
            <spirit:right spirit:format="long">0</spirit:right>
          </spirit:vector>
          <spirit:wireTypeDefs>
            <spirit:wireTypeDef>
              <spirit:typeName>std_logic_vector</spirit:typeName>
              <spirit:viewNameRef>xilinx_vhdlsynthesis</spirit:viewNameRef>
              <spirit:viewNameRef>xilinx_vhdlbehavioralsimulation</spirit:viewNameRef>
            </spirit:wireTypeDef>
          </spirit:wireTypeDefs>
        </spirit:wire>
      </spirit:port>
      <spirit:port>
        <spirit:name>s01_axi_bvalid</spirit:name>
        <spirit:wire>
          <spirit:direction>out</spirit:direction>
          <spirit:wireTypeDefs>
            <spirit:wireTypeDef>
              <spirit:typeName>std_logic</spirit:typeName>
              <spirit:viewNameRef>xilinx_vhdlsynthesis</spirit:viewNameRef>
              <spirit:viewNameRef>xilinx_vhdlbehavioralsimulation</spirit:viewNameRef>
            </spirit:wireTypeDef>
          </spirit:wireTypeDefs>
        </spirit:wire>
      </spirit:port>
      <spirit:port>
        <spirit:name>s01_axi_bready</spirit:name>
        <spirit:wire>
          <spirit:direction>in</spirit:direction>
          <spirit:wireTypeDefs>
            <spirit:wireTypeDef>
              <spirit:typeName>std_logic</spirit:typeName>
              <spirit:viewNameRef>xilinx_vhdlsynthesis</spirit:viewNameRef>
              <spirit:viewNameRef>xilinx_vhdlbehavioralsimulation</spirit:viewNameRef>
            </spirit:wireTypeDef>
          </spirit:wireTypeDefs>
        </spirit:wire>
      </spirit:port>
      <spirit:port>
        <spirit:name>s01_axi_araddr</spirit:name>
        <spirit:wire>
          <spirit:direction>in</spirit:direction>
          <spirit:vector>
            <spirit:left spirit:format="long" spirit:resolve="dependent" spirit:dependency="(spirit:decode(id(&apos;MODELPARAM_VALUE.C_S01_AXI_ADDR_WIDTH&apos;)) - 1)">3</spirit:left>
            <spirit:right spirit:format="long">0</spirit:right>
          </spirit:vector>
          <spirit:wireTypeDefs>
            <spirit:wireTypeDef>
              <spirit:typeName>std_logic_vector</spirit:typeName>
              <spirit:viewNameRef>xilinx_vhdlsynthesis</spirit:viewNameRef>
              <spirit:viewNameRef>xilinx_vhdlbehavioralsimulation</spirit:viewNameRef>
            </spirit:wireTypeDef>
          </spirit:wireTypeDefs>
        </spirit:wire>
      </spirit:port>
      <spirit:port>
        <spirit:name>s01_axi_arprot</spirit:name>
        <spirit:wire>
          <spirit:direction>in</spirit:direction>
          <spirit:vector>
            <spirit:left spirit:format="long">2</spirit:left>
            <spirit:right spirit:format="long">0</spirit:right>
          </spirit:vector>
          <spirit:wireTypeDefs>
            <spirit:wireTypeDef>
              <spirit:typeName>std_logic_vector</spirit:typeName>
              <spirit:viewNameRef>xilinx_vhdlsynthesis</spirit:viewNameRef>
              <spirit:viewNameRef>xilinx_vhdlbehavioralsimulation</spirit:viewNameRef>
            </spirit:wireTypeDef>
          </spirit:wireTypeDefs>
        </spirit:wire>
      </spirit:port>
      <spirit:port>
        <spirit:name>s01_axi_arvalid</spirit:name>
        <spirit:wire>
          <spirit:direction>in</spirit:direction>
          <spirit:wireTypeDefs>
            <spirit:wireTypeDef>
              <spirit:typeName>std_logic</spirit:typeName>
              <spirit:viewNameRef>xilinx_vhdlsynthesis</spirit:viewNameRef>
              <spirit:viewNameRef>xilinx_vhdlbehavioralsimulation</spirit:viewNameRef>
            </spirit:wireTypeDef>
          </spirit:wireTypeDefs>
        </spirit:wire>
      </spirit:port>
      <spirit:port>
        <spirit:name>s01_axi_arready</spirit:name>
        <spirit:wire>
          <spirit:direction>out</spirit:direction>
          <spirit:wireTypeDefs>
            <spirit:wireTypeDef>
              <spirit:typeName>std_logic</spirit:typeName>
              <spirit:viewNameRef>xilinx_vhdlsynthesis</spirit:viewNameRef>
              <spirit:viewNameRef>xilinx_vhdlbehavioralsimulation</spirit:viewNameRef>
            </spirit:wireTypeDef>
          </spirit:wireTypeDefs>
        </spirit:wire>
      </spirit:port>
      <spirit:port>
        <spirit:name>s01_axi_rdata</spirit:name>
        <spirit:wire>
          <spirit:direction>out</spirit:direction>
          <spirit:vector>
            <spirit:left spirit:format="long" spirit:resolve="dependent" spirit:dependency="(spirit:decode(id(&apos;MODELPARAM_VALUE.C_S01_AXI_DATA_WIDTH&apos;)) - 1)">31</spirit:left>
            <spirit:right spirit:format="long">0</spirit:right>
          </spirit:vector>
          <spirit:wireTypeDefs>
            <spirit:wireTypeDef>
              <spirit:typeName>std_logic_vector</spirit:typeName>
              <spirit:viewNameRef>xilinx_vhdlsynthesis</spirit:viewNameRef>
              <spirit:viewNameRef>xilinx_vhdlbehavioralsimulation</spirit:viewNameRef>
            </spirit:wireTypeDef>
          </spirit:wireTypeDefs>
        </spirit:wire>
      </spirit:port>
      <spirit:port>
        <spirit:name>s01_axi_rresp</spirit:name>
        <spirit:wire>
          <spirit:direction>out</spirit:direction>
          <spirit:vector>
            <spirit:left spirit:format="long">1</spirit:left>
            <spirit:right spirit:format="long">0</spirit:right>
          </spirit:vector>
          <spirit:wireTypeDefs>
            <spirit:wireTypeDef>
              <spirit:typeName>std_logic_vector</spirit:typeName>
              <spirit:viewNameRef>xilinx_vhdlsynthesis</spirit:viewNameRef>
              <spirit:viewNameRef>xilinx_vhdlbehavioralsimulation</spirit:viewNameRef>
            </spirit:wireTypeDef>
          </spirit:wireTypeDefs>
        </spirit:wire>
      </spirit:port>
      <spirit:port>
        <spirit:name>s01_axi_rvalid</spirit:name>
        <spirit:wire>
          <spirit:direction>out</spirit:direction>
          <spirit:wireTypeDefs>
            <spirit:wireTypeDef>
              <spirit:typeName>std_logic</spirit:typeName>
              <spirit:viewNameRef>xilinx_vhdlsynthesis</spirit:viewNameRef>
              <spirit:viewNameRef>xilinx_vhdlbehavioralsimulation</spirit:viewNameRef>
            </spirit:wireTypeDef>
          </spirit:wireTypeDefs>
        </spirit:wire>
      </spirit:port>
      <spirit:port>
        <spirit:name>s01_axi_rready</spirit:name>
        <spirit:wire>
          <spirit:direction>in</spirit:direction>
          <spirit:wireTypeDefs>
            <spirit:wireTypeDef>
              <spirit:typeName>std_logic</spirit:typeName>
              <spirit:viewNameRef>xilinx_vhdlsynthesis</spirit:viewNameRef>
              <spirit:viewNameRef>xilinx_vhdlbehavioralsimulation</spirit:viewNameRef>
            </spirit:wireTypeDef>
          </spirit:wireTypeDefs>
        </spirit:wire>
      </spirit:port>
      <spirit:port>
        <spirit:name>s01_axi_aclk</spirit:name>
        <spirit:wire>
          <spirit:direction>in</spirit:direction>
          <spirit:wireTypeDefs>
            <spirit:wireTypeDef>
              <spirit:typeName>std_logic</spirit:typeName>
              <spirit:viewNameRef>xilinx_vhdlsynthesis</spirit:viewNameRef>
              <spirit:viewNameRef>xilinx_vhdlbehavioralsimulation</spirit:viewNameRef>
            </spirit:wireTypeDef>
          </spirit:wireTypeDefs>
        </spirit:wire>
      </spirit:port>
      <spirit:port>
        <spirit:name>s01_axi_aresetn</spirit:name>
        <spirit:wire>
          <spirit:direction>in</spirit:direction>
          <spirit:wireTypeDefs>
            <spirit:wireTypeDef>
              <spirit:typeName>std_logic</spirit:typeName>
              <spirit:viewNameRef>xilinx_vhdlsynthesis</spirit:viewNameRef>
              <spirit:viewNameRef>xilinx_vhdlbehavioralsimulation</spirit:viewNameRef>
            </spirit:wireTypeDef>
          </spirit:wireTypeDefs>
        </spirit:wire>
      </spirit:port>
    </spirit:ports>
    <spirit:modelParameters>
      <spirit:modelParameter xsi:type="spirit:nameValueTypeType" spirit:dataType="integer">
        <spirit:name>C_S01_AXI_DATA_WIDTH</spirit:name>
        <spirit:displayName>C S01 AXI DATA WIDTH</spirit:displayName>
        <spirit:description>Width of S_AXI data bus</spirit:description>
        <spirit:value spirit:format="long" spirit:resolve="generated" spirit:id="MODELPARAM_VALUE.C_S01_AXI_DATA_WIDTH" spirit:order="3" spirit:rangeType="long">32</spirit:value>
      </spirit:modelParameter>
      <spirit:modelParameter spirit:dataType="integer">
        <spirit:name>C_S01_AXI_ADDR_WIDTH</spirit:name>
        <spirit:displayName>C S01 AXI ADDR WIDTH</spirit:displayName>
        <spirit:description>Width of S_AXI address bus</spirit:description>
        <spirit:value spirit:format="long" spirit:resolve="generated" spirit:id="MODELPARAM_VALUE.C_S01_AXI_ADDR_WIDTH" spirit:order="4" spirit:rangeType="long">4</spirit:value>
      </spirit:modelParameter>
    </spirit:modelParameters>
  </spirit:model>
  <spirit:choices>
    <spirit:choice>
      <spirit:name>choice_list_6fc15197</spirit:name>
      <spirit:enumeration>32</spirit:enumeration>
    </spirit:choice>
    <spirit:choice>
      <spirit:name>choice_list_9d8b0d81</spirit:name>
      <spirit:enumeration>ACTIVE_HIGH</spirit:enumeration>
      <spirit:enumeration>ACTIVE_LOW</spirit:enumeration>
    </spirit:choice>
    <spirit:choice>
      <spirit:name>choice_pairs_ce1226b1</spirit:name>
      <spirit:enumeration spirit:text="true">1</spirit:enumeration>
      <spirit:enumeration spirit:text="false">0</spirit:enumeration>
    </spirit:choice>
  </spirit:choices>
  <spirit:fileSets>
    <spirit:fileSet>
      <spirit:name>xilinx_vhdlsynthesis_view_fileset</spirit:name>
      <spirit:file>
        <spirit:name>src/fifo_gen/fifo_gen.xci</spirit:name>
        <spirit:userFileType>xci</spirit:userFileType>
      </spirit:file>
      <spirit:file>
        <spirit:name>src/blk_mem_gen_0/blk_mem_gen_0.xci</spirit:name>
        <spirit:userFileType>xci</spirit:userFileType>
      </spirit:file>
      <spirit:file>
        <spirit:name>src/QPSK.vhd</spirit:name>
        <spirit:fileType>vhdlSource</spirit:fileType>
      </spirit:file>
      <spirit:file>
        <spirit:name>hdl/QPSKBlockIP_v1_0_S01_AXI.vhd</spirit:name>
        <spirit:fileType>vhdlSource</spirit:fileType>
      </spirit:file>
      <spirit:file>
        <spirit:name>src/control.vhd</spirit:name>
        <spirit:fileType>vhdlSource</spirit:fileType>
      </spirit:file>
      <spirit:file>
        <spirit:name>src/blk_mem_gen_0/qpsklaginak.coe</spirit:name>
        <spirit:userFileType>coe</spirit:userFileType>
      </spirit:file>
      <spirit:file>
        <spirit:name>hdl/QPSKBlockIP_v1_0.vhd</spirit:name>
        <spirit:fileType>vhdlSource</spirit:fileType>
        <spirit:userFileType>CHECKSUM_4e5102a7</spirit:userFileType>
      </spirit:file>
    </spirit:fileSet>
    <spirit:fileSet>
      <spirit:name>xilinx_vhdlsynthesis_xilinx_com_ip_fifo_generator_13_2__ref_view_fileset</spirit:name>
      <spirit:vendorExtensions>
        <xilinx:subCoreRef>
          <xilinx:componentRef xilinx:vendor="xilinx.com" xilinx:library="ip" xilinx:name="fifo_generator" xilinx:version="13.2">
            <xilinx:mode xilinx:name="create_mode"/>
          </xilinx:componentRef>
        </xilinx:subCoreRef>
      </spirit:vendorExtensions>
    </spirit:fileSet>
    <spirit:fileSet>
      <spirit:name>xilinx_vhdlsynthesis_xilinx_com_ip_blk_mem_gen_8_4__ref_view_fileset</spirit:name>
      <spirit:vendorExtensions>
        <xilinx:subCoreRef>
          <xilinx:componentRef xilinx:vendor="xilinx.com" xilinx:library="ip" xilinx:name="blk_mem_gen" xilinx:version="8.4">
            <xilinx:mode xilinx:name="create_mode"/>
          </xilinx:componentRef>
        </xilinx:subCoreRef>
      </spirit:vendorExtensions>
    </spirit:fileSet>
    <spirit:fileSet>
      <spirit:name>xilinx_vhdlbehavioralsimulation_view_fileset</spirit:name>
      <spirit:file>
        <spirit:name>src/fifo_gen/fifo_gen.xci</spirit:name>
        <spirit:userFileType>xci</spirit:userFileType>
      </spirit:file>
      <spirit:file>
        <spirit:name>src/blk_mem_gen_0/blk_mem_gen_0.xci</spirit:name>
        <spirit:userFileType>xci</spirit:userFileType>
      </spirit:file>
      <spirit:file>
        <spirit:name>src/QPSK.vhd</spirit:name>
        <spirit:fileType>vhdlSource</spirit:fileType>
      </spirit:file>
      <spirit:file>
        <spirit:name>hdl/QPSKBlockIP_v1_0_S01_AXI.vhd</spirit:name>
        <spirit:fileType>vhdlSource</spirit:fileType>
      </spirit:file>
      <spirit:file>
        <spirit:name>src/control.vhd</spirit:name>
        <spirit:fileType>vhdlSource</spirit:fileType>
      </spirit:file>
      <spirit:file>
        <spirit:name>src/blk_mem_gen_0/qpsklaginak.coe</spirit:name>
        <spirit:userFileType>coe</spirit:userFileType>
      </spirit:file>
      <spirit:file>
        <spirit:name>hdl/QPSKBlockIP_v1_0.vhd</spirit:name>
        <spirit:fileType>vhdlSource</spirit:fileType>
      </spirit:file>
    </spirit:fileSet>
    <spirit:fileSet>
      <spirit:name>xilinx_vhdlbehavioralsimulation_xilinx_com_ip_fifo_generator_13_2__ref_view_fileset</spirit:name>
      <spirit:vendorExtensions>
        <xilinx:subCoreRef>
          <xilinx:componentRef xilinx:vendor="xilinx.com" xilinx:library="ip" xilinx:name="fifo_generator" xilinx:version="13.2">
            <xilinx:mode xilinx:name="create_mode"/>
          </xilinx:componentRef>
        </xilinx:subCoreRef>
      </spirit:vendorExtensions>
    </spirit:fileSet>
    <spirit:fileSet>
      <spirit:name>xilinx_vhdlbehavioralsimulation_xilinx_com_ip_blk_mem_gen_8_4__ref_view_fileset</spirit:name>
      <spirit:vendorExtensions>
        <xilinx:subCoreRef>
          <xilinx:componentRef xilinx:vendor="xilinx.com" xilinx:library="ip" xilinx:name="blk_mem_gen" xilinx:version="8.4">
            <xilinx:mode xilinx:name="create_mode"/>
          </xilinx:componentRef>
        </xilinx:subCoreRef>
      </spirit:vendorExtensions>
    </spirit:fileSet>
    <spirit:fileSet>
      <spirit:name>xilinx_softwaredriver_view_fileset</spirit:name>
      <spirit:file>
        <spirit:name>drivers/QPSKBlockIP_v1_0/data/QPSKBlockIP.mdd</spirit:name>
        <spirit:userFileType>mdd</spirit:userFileType>
        <spirit:userFileType>driver_mdd</spirit:userFileType>
      </spirit:file>
      <spirit:file>
        <spirit:name>drivers/QPSKBlockIP_v1_0/data/QPSKBlockIP.tcl</spirit:name>
        <spirit:fileType>tclSource</spirit:fileType>
        <spirit:userFileType>driver_tcl</spirit:userFileType>
      </spirit:file>
      <spirit:file>
        <spirit:name>drivers/QPSKBlockIP_v1_0/src/Makefile</spirit:name>
        <spirit:userFileType>driver_src</spirit:userFileType>
      </spirit:file>
      <spirit:file>
        <spirit:name>drivers/QPSKBlockIP_v1_0/src/QPSKBlockIP.h</spirit:name>
        <spirit:fileType>cSource</spirit:fileType>
        <spirit:userFileType>driver_src</spirit:userFileType>
      </spirit:file>
      <spirit:file>
        <spirit:name>drivers/QPSKBlockIP_v1_0/src/QPSKBlockIP.c</spirit:name>
        <spirit:fileType>cSource</spirit:fileType>
        <spirit:userFileType>driver_src</spirit:userFileType>
      </spirit:file>
      <spirit:file>
        <spirit:name>drivers/QPSKBlockIP_v1_0/src/QPSKBlockIP_selftest.c</spirit:name>
        <spirit:fileType>cSource</spirit:fileType>
        <spirit:userFileType>driver_src</spirit:userFileType>
      </spirit:file>
    </spirit:fileSet>
    <spirit:fileSet>
      <spirit:name>xilinx_xpgui_view_fileset</spirit:name>
      <spirit:file>
        <spirit:name>xgui/QPSKBlockIP_v1_0.tcl</spirit:name>
        <spirit:fileType>tclSource</spirit:fileType>
        <spirit:userFileType>CHECKSUM_a6ce5687</spirit:userFileType>
        <spirit:userFileType>XGUI_VERSION_2</spirit:userFileType>
      </spirit:file>
    </spirit:fileSet>
    <spirit:fileSet>
      <spirit:name>bd_tcl_view_fileset</spirit:name>
      <spirit:file>
        <spirit:name>bd/bd.tcl</spirit:name>
        <spirit:fileType>tclSource</spirit:fileType>
      </spirit:file>
    </spirit:fileSet>
  </spirit:fileSets>
  <spirit:description>My new AXI IP</spirit:description>
  <spirit:parameters>
    <spirit:parameter>
      <spirit:name>C_S01_AXI_DATA_WIDTH</spirit:name>
      <spirit:displayName>C S01 AXI DATA WIDTH</spirit:displayName>
      <spirit:description>Width of S_AXI data bus</spirit:description>
      <spirit:value spirit:format="long" spirit:resolve="user" spirit:id="PARAM_VALUE.C_S01_AXI_DATA_WIDTH" spirit:choiceRef="choice_list_6fc15197" spirit:order="3">32</spirit:value>
      <spirit:vendorExtensions>
        <xilinx:parameterInfo>
          <xilinx:enablement>
            <xilinx:isEnabled xilinx:id="PARAM_ENABLEMENT.C_S01_AXI_DATA_WIDTH">false</xilinx:isEnabled>
          </xilinx:enablement>
        </xilinx:parameterInfo>
      </spirit:vendorExtensions>
    </spirit:parameter>
    <spirit:parameter>
      <spirit:name>C_S01_AXI_ADDR_WIDTH</spirit:name>
      <spirit:displayName>C S01 AXI ADDR WIDTH</spirit:displayName>
      <spirit:description>Width of S_AXI address bus</spirit:description>
      <spirit:value spirit:format="long" spirit:resolve="user" spirit:id="PARAM_VALUE.C_S01_AXI_ADDR_WIDTH" spirit:order="4" spirit:rangeType="long">4</spirit:value>
      <spirit:vendorExtensions>
        <xilinx:parameterInfo>
          <xilinx:enablement>
            <xilinx:isEnabled xilinx:id="PARAM_ENABLEMENT.C_S01_AXI_ADDR_WIDTH">false</xilinx:isEnabled>
          </xilinx:enablement>
        </xilinx:parameterInfo>
      </spirit:vendorExtensions>
    </spirit:parameter>
    <spirit:parameter>
      <spirit:name>C_S01_AXI_BASEADDR</spirit:name>
      <spirit:displayName>C S01 AXI BASEADDR</spirit:displayName>
      <spirit:value spirit:format="bitString" spirit:resolve="user" spirit:id="PARAM_VALUE.C_S01_AXI_BASEADDR" spirit:order="5" spirit:bitStringLength="32">0xFFFFFFFF</spirit:value>
      <spirit:vendorExtensions>
        <xilinx:parameterInfo>
          <xilinx:enablement>
            <xilinx:isEnabled xilinx:id="PARAM_ENABLEMENT.C_S01_AXI_BASEADDR">false</xilinx:isEnabled>
          </xilinx:enablement>
        </xilinx:parameterInfo>
      </spirit:vendorExtensions>
    </spirit:parameter>
    <spirit:parameter>
      <spirit:name>C_S01_AXI_HIGHADDR</spirit:name>
      <spirit:displayName>C S01 AXI HIGHADDR</spirit:displayName>
      <spirit:value spirit:format="bitString" spirit:resolve="user" spirit:id="PARAM_VALUE.C_S01_AXI_HIGHADDR" spirit:order="6" spirit:bitStringLength="32">0x00000000</spirit:value>
      <spirit:vendorExtensions>
        <xilinx:parameterInfo>
          <xilinx:enablement>
            <xilinx:isEnabled xilinx:id="PARAM_ENABLEMENT.C_S01_AXI_HIGHADDR">false</xilinx:isEnabled>
          </xilinx:enablement>
        </xilinx:parameterInfo>
      </spirit:vendorExtensions>
    </spirit:parameter>
    <spirit:parameter>
      <spirit:name>Component_Name</spirit:name>
      <spirit:value spirit:resolve="user" spirit:id="PARAM_VALUE.Component_Name" spirit:order="1">QPSKBlockIP_v1_0</spirit:value>
    </spirit:parameter>
  </spirit:parameters>
  <spirit:vendorExtensions>
    <xilinx:coreExtensions>
      <xilinx:supportedFamilies>
        <xilinx:family xilinx:lifeCycle="Pre-Production">zynq</xilinx:family>
      </xilinx:supportedFamilies>
      <xilinx:taxonomies>
        <xilinx:taxonomy>AXI_Peripheral</xilinx:taxonomy>
      </xilinx:taxonomies>
      <xilinx:displayName>QPSKBlockIP_v1.0</xilinx:displayName>
      <xilinx:coreRevision>3</xilinx:coreRevision>
      <xilinx:upgrades>
        <xilinx:canUpgradeFrom>xilinx.com:user:QPSKBlockIP:1.0</xilinx:canUpgradeFrom>
      </xilinx:upgrades>
      <xilinx:coreCreationDateTime>2022-05-30T15:52:29Z</xilinx:coreCreationDateTime>
      <xilinx:tags>
        <xilinx:tag xilinx:name="ui.data.coregen.dd@5831d0e7_ARCHIVE_LOCATION">c:/VivadoProjects/ip_repo/QPSKBlockIP_1.0</xilinx:tag>
        <xilinx:tag xilinx:name="ui.data.coregen.dd@9d9ecac_ARCHIVE_LOCATION">c:/VivadoProjects/ip_repo/QPSKBlockIP_1.0</xilinx:tag>
        <xilinx:tag xilinx:name="ui.data.coregen.dd@450ebbee_ARCHIVE_LOCATION">c:/VivadoProjects/ip_repo/QPSKBlockIP_1.0</xilinx:tag>
        <xilinx:tag xilinx:name="ui.data.coregen.dd@283e48a1_ARCHIVE_LOCATION">c:/VivadoProjects/ip_repo/QPSKBlockIP_1.0</xilinx:tag>
        <xilinx:tag xilinx:name="ui.data.coregen.dd@7b0c1e7b_ARCHIVE_LOCATION">c:/VivadoProjects/ip_repo/QPSKBlockIP_1.0</xilinx:tag>
        <xilinx:tag xilinx:name="ui.data.coregen.dd@637f768b_ARCHIVE_LOCATION">c:/VivadoProjects/ip_repo/QPSKBlockIP_1.0</xilinx:tag>
        <xilinx:tag xilinx:name="ui.data.coregen.dd@3f19fa38_ARCHIVE_LOCATION">c:/VivadoProjects/ip_repo/QPSKBlockIP_1.0</xilinx:tag>
        <xilinx:tag xilinx:name="ui.data.coregen.dd@50fbc633_ARCHIVE_LOCATION">c:/VivadoProjects/ip_repo/QPSKBlockIP_1.0</xilinx:tag>
        <xilinx:tag xilinx:name="ui.data.coregen.dd@17772beb_ARCHIVE_LOCATION">c:/VivadoProjects/ip_repo/QPSKBlockIP_1.0</xilinx:tag>
        <xilinx:tag xilinx:name="ui.data.coregen.dd@3686a7f2_ARCHIVE_LOCATION">c:/VivadoProjects/ip_repo/QPSKBlockIP_1.0</xilinx:tag>
        <xilinx:tag xilinx:name="ui.data.coregen.dd@3008a54a_ARCHIVE_LOCATION">c:/VivadoProjects/ip_repo/QPSKBlockIP_1.0</xilinx:tag>
        <xilinx:tag xilinx:name="ui.data.coregen.dd@24d8f3cd_ARCHIVE_LOCATION">c:/VivadoProjects/ip_repo/QPSKBlockIP_1.0</xilinx:tag>
        <xilinx:tag xilinx:name="ui.data.coregen.dd@2e3e5e4e_ARCHIVE_LOCATION">c:/VivadoProjects/ip_repo/QPSKBlockIP_1.0</xilinx:tag>
        <xilinx:tag xilinx:name="ui.data.coregen.dd@4f4d5415_ARCHIVE_LOCATION">c:/VivadoProjects/ip_repo/QPSKBlockIP_1.0</xilinx:tag>
        <xilinx:tag xilinx:name="ui.data.coregen.dd@4c945b6b_ARCHIVE_LOCATION">c:/VivadoProjects/ip_repo/QPSKBlockIP_1.0</xilinx:tag>
        <xilinx:tag xilinx:name="ui.data.coregen.dd@9f37d42_ARCHIVE_LOCATION">c:/VivadoProjects/ip_repo/QPSKBlockIP_1.0</xilinx:tag>
        <xilinx:tag xilinx:name="ui.data.coregen.dd@3e59c26e_ARCHIVE_LOCATION">c:/VivadoProjects/ip_repo/QPSKBlockIP_1.0</xilinx:tag>
        <xilinx:tag xilinx:name="ui.data.coregen.dd@7c09395c_ARCHIVE_LOCATION">c:/VivadoProjects/ip_repo/QPSKBlockIP_1.0</xilinx:tag>
        <xilinx:tag xilinx:name="ui.data.coregen.dd@791e8cb0_ARCHIVE_LOCATION">c:/VivadoProjects/ip_repo/QPSKBlockIP_1.0</xilinx:tag>
        <xilinx:tag xilinx:name="ui.data.coregen.dd@661f4c1b_ARCHIVE_LOCATION">c:/VivadoProjects/ip_repo/QPSKBlockIP_1.0</xilinx:tag>
        <xilinx:tag xilinx:name="ui.data.coregen.dd@4347ad09_ARCHIVE_LOCATION">c:/VivadoProjects/ip_repo/QPSKBlockIP_1.0</xilinx:tag>
        <xilinx:tag xilinx:name="ui.data.coregen.dd@3691d6d4_ARCHIVE_LOCATION">c:/VivadoProjects/ip_repo/QPSKBlockIP_1.0</xilinx:tag>
        <xilinx:tag xilinx:name="ui.data.coregen.dd@2e73e523_ARCHIVE_LOCATION">c:/VivadoProjects/ip_repo/QPSKBlockIP_1.0</xilinx:tag>
        <xilinx:tag xilinx:name="ui.data.coregen.dd@1492ae52_ARCHIVE_LOCATION">c:/VivadoProjects/ip_repo/QPSKBlockIP_1.0</xilinx:tag>
        <xilinx:tag xilinx:name="ui.data.coregen.dd@7e9d7bfc_ARCHIVE_LOCATION">c:/VivadoProjects/ip_repo/QPSKBlockIP_1.0</xilinx:tag>
        <xilinx:tag xilinx:name="ui.data.coregen.dd@3b07d9e7_ARCHIVE_LOCATION">c:/VivadoProjects/ip_repo/QPSKBlockIP_1.0</xilinx:tag>
        <xilinx:tag xilinx:name="ui.data.coregen.dd@654ef1ec_ARCHIVE_LOCATION">c:/VivadoProjects/ip_repo/QPSKBlockIP_1.0</xilinx:tag>
        <xilinx:tag xilinx:name="ui.data.coregen.dd@46ae63f0_ARCHIVE_LOCATION">c:/VivadoProjects/ip_repo/QPSKBlockIP_1.0</xilinx:tag>
        <xilinx:tag xilinx:name="ui.data.coregen.dd@2e032bdf_ARCHIVE_LOCATION">c:/VivadoProjects/ip_repo/QPSKBlockIP_1.0</xilinx:tag>
        <xilinx:tag xilinx:name="ui.data.coregen.dd@65168b3a_ARCHIVE_LOCATION">c:/VivadoProjects/ip_repo/QPSKBlockIP_1.0</xilinx:tag>
        <xilinx:tag xilinx:name="ui.data.coregen.dd@186cb591_ARCHIVE_LOCATION">c:/VivadoProjects/ip_repo/QPSKBlockIP_1.0</xilinx:tag>
        <xilinx:tag xilinx:name="ui.data.coregen.dd@19b9078c_ARCHIVE_LOCATION">c:/VivadoProjects/ip_repo/QPSKBlockIP_1.0</xilinx:tag>
        <xilinx:tag xilinx:name="ui.data.coregen.dd@5fec8783_ARCHIVE_LOCATION">c:/VivadoProjects/ip_repo/QPSKBlockIP_1.0</xilinx:tag>
        <xilinx:tag xilinx:name="ui.data.coregen.dd@4165576a_ARCHIVE_LOCATION">c:/VivadoProjects/ip_repo/QPSKBlockIP_1.0</xilinx:tag>
        <xilinx:tag xilinx:name="ui.data.coregen.dd@6e1fd61d_ARCHIVE_LOCATION">c:/VivadoProjects/ip_repo/QPSKBlockIP_1.0</xilinx:tag>
        <xilinx:tag xilinx:name="ui.data.coregen.dd@82f5c28_ARCHIVE_LOCATION">c:/VivadoProjects/ip_repo/QPSKBlockIP_1.0</xilinx:tag>
        <xilinx:tag xilinx:name="ui.data.coregen.dd@52d4a5f_ARCHIVE_LOCATION">c:/VivadoProjects/ip_repo/QPSKBlockIP_1.0</xilinx:tag>
        <xilinx:tag xilinx:name="ui.data.coregen.dd@2cdd772c_ARCHIVE_LOCATION">c:/VivadoProjects/ip_repo/QPSKBlockIP_1.0</xilinx:tag>
        <xilinx:tag xilinx:name="ui.data.coregen.dd@38feafb7_ARCHIVE_LOCATION">c:/VivadoProjects/ip_repo/QPSKBlockIP_1.0</xilinx:tag>
        <xilinx:tag xilinx:name="ui.data.coregen.dd@748e65a7_ARCHIVE_LOCATION">c:/VivadoProjects/ip_repo/QPSKBlockIP_1.0</xilinx:tag>
        <xilinx:tag xilinx:name="ui.data.coregen.dd@57be2cd0_ARCHIVE_LOCATION">c:/VivadoProjects/ip_repo/QPSKBlockIP_1.0</xilinx:tag>
        <xilinx:tag xilinx:name="ui.data.coregen.dd@13d37ead_ARCHIVE_LOCATION">c:/VivadoProjects/ip_repo/QPSKBlockIP_1.0</xilinx:tag>
        <xilinx:tag xilinx:name="ui.data.coregen.dd@7e97544d_ARCHIVE_LOCATION">c:/VivadoProjects/ip_repo/QPSKBlockIP_1.0</xilinx:tag>
        <xilinx:tag xilinx:name="ui.data.coregen.dd@7d7c71a1_ARCHIVE_LOCATION">c:/VivadoProjects/ip_repo/QPSKBlockIP_1.0</xilinx:tag>
        <xilinx:tag xilinx:name="ui.data.coregen.dd@78403899_ARCHIVE_LOCATION">c:/VivadoProjects/ip_repo/QPSKBlockIP_1.0</xilinx:tag>
        <xilinx:tag xilinx:name="ui.data.coregen.dd@4b855f4c_ARCHIVE_LOCATION">c:/VivadoProjects/ip_repo/QPSKBlockIP_1.0</xilinx:tag>
        <xilinx:tag xilinx:name="ui.data.coregen.dd@5e9a3715_ARCHIVE_LOCATION">c:/VivadoProjects/ip_repo/QPSKBlockIP_1.0</xilinx:tag>
        <xilinx:tag xilinx:name="ui.data.coregen.dd@7251c985_ARCHIVE_LOCATION">c:/VivadoProjects/ip_repo/QPSKBlockIP_1.0</xilinx:tag>
        <xilinx:tag xilinx:name="ui.data.coregen.dd@56dd579f_ARCHIVE_LOCATION">c:/VivadoProjects/ip_repo/QPSKBlockIP_1.0</xilinx:tag>
        <xilinx:tag xilinx:name="ui.data.coregen.dd@1fb8973c_ARCHIVE_LOCATION">c:/VivadoProjects/ip_repo/QPSKBlockIP_1.0</xilinx:tag>
        <xilinx:tag xilinx:name="ui.data.coregen.dd@5e655dad_ARCHIVE_LOCATION">c:/VivadoProjects/ip_repo/QPSKBlockIP_1.0</xilinx:tag>
        <xilinx:tag xilinx:name="ui.data.coregen.dd@410c305a_ARCHIVE_LOCATION">c:/VivadoProjects/ip_repo/QPSKBlockIP_1.0</xilinx:tag>
        <xilinx:tag xilinx:name="ui.data.coregen.dd@2bf57ebb_ARCHIVE_LOCATION">c:/VivadoProjects/ip_repo/QPSKBlockIP_1.0</xilinx:tag>
        <xilinx:tag xilinx:name="ui.data.coregen.dd@1d663a7e_ARCHIVE_LOCATION">c:/VivadoProjects/ip_repo/QPSKBlockIP_1.0</xilinx:tag>
        <xilinx:tag xilinx:name="ui.data.coregen.dd@4005a5be_ARCHIVE_LOCATION">c:/VivadoProjects/ip_repo/QPSKBlockIP_1.0</xilinx:tag>
        <xilinx:tag xilinx:name="ui.data.coregen.dd@1f699aa3_ARCHIVE_LOCATION">c:/VivadoProjects/ip_repo/QPSKBlockIP_1.0</xilinx:tag>
        <xilinx:tag xilinx:name="ui.data.coregen.dd@7c4faa45_ARCHIVE_LOCATION">c:/VivadoProjects/ip_repo/QPSKBlockIP_1.0</xilinx:tag>
        <xilinx:tag xilinx:name="ui.data.coregen.dd@684d98c8_ARCHIVE_LOCATION">c:/VivadoProjects/ip_repo/QPSKBlockIP_1.0</xilinx:tag>
        <xilinx:tag xilinx:name="ui.data.coregen.dd@4c5bbacb_ARCHIVE_LOCATION">c:/VivadoProjects/ip_repo/QPSKBlockIP_1.0</xilinx:tag>
        <xilinx:tag xilinx:name="ui.data.coregen.dd@2323c57c_ARCHIVE_LOCATION">c:/VivadoProjects/ip_repo/QPSKBlockIP_1.0</xilinx:tag>
        <xilinx:tag xilinx:name="ui.data.coregen.dd@450ca264_ARCHIVE_LOCATION">c:/VivadoProjects/ip_repo/QPSKBlockIP_1.0</xilinx:tag>
        <xilinx:tag xilinx:name="ui.data.coregen.dd@709752f0_ARCHIVE_LOCATION">c:/VivadoProjects/ip_repo/QPSKBlockIP_1.0</xilinx:tag>
        <xilinx:tag xilinx:name="ui.data.coregen.dd@7c6ae15e_ARCHIVE_LOCATION">c:/VivadoProjects/ip_repo/QPSKBlockIP_1.0</xilinx:tag>
        <xilinx:tag xilinx:name="ui.data.coregen.dd@7696c1d7_ARCHIVE_LOCATION">c:/VivadoProjects/ip_repo/QPSKBlockIP_1.0</xilinx:tag>
        <xilinx:tag xilinx:name="ui.data.coregen.dd@43a6121e_ARCHIVE_LOCATION">c:/VivadoProjects/ip_repo/QPSKBlockIP_1.0</xilinx:tag>
        <xilinx:tag xilinx:name="ui.data.coregen.dd@15a02d93_ARCHIVE_LOCATION">c:/VivadoProjects/ip_repo/QPSKBlockIP_1.0</xilinx:tag>
        <xilinx:tag xilinx:name="ui.data.coregen.dd@642f0ea7_ARCHIVE_LOCATION">c:/VivadoProjects/ip_repo/QPSKBlockIP_1.0</xilinx:tag>
        <xilinx:tag xilinx:name="ui.data.coregen.dd@315d099c_ARCHIVE_LOCATION">c:/VivadoProjects/ip_repo/QPSKBlockIP_1.0</xilinx:tag>
        <xilinx:tag xilinx:name="ui.data.coregen.dd@65d3d1a3_ARCHIVE_LOCATION">c:/VivadoProjects/ip_repo/QPSKBlockIP_1.0</xilinx:tag>
        <xilinx:tag xilinx:name="ui.data.coregen.dd@27bcad08_ARCHIVE_LOCATION">c:/VivadoProjects/ip_repo/QPSKBlockIP_1.0</xilinx:tag>
        <xilinx:tag xilinx:name="ui.data.coregen.dd@58d3645b_ARCHIVE_LOCATION">c:/VivadoProjects/ip_repo/QPSKBlockIP_1.0</xilinx:tag>
        <xilinx:tag xilinx:name="ui.data.coregen.dd@6abcda29_ARCHIVE_LOCATION">c:/VivadoProjects/ip_repo/QPSKBlockIP_1.0</xilinx:tag>
        <xilinx:tag xilinx:name="ui.data.coregen.dd@77bc3899_ARCHIVE_LOCATION">c:/VivadoProjects/ip_repo/QPSKBlockIP_1.0</xilinx:tag>
        <xilinx:tag xilinx:name="ui.data.coregen.dd@44f7d746_ARCHIVE_LOCATION">c:/VivadoProjects/ip_repo/QPSKBlockIP_1.0</xilinx:tag>
        <xilinx:tag xilinx:name="ui.data.coregen.dd@356b9f7c_ARCHIVE_LOCATION">c:/VivadoProjects/ip_repo/QPSKBlockIP_1.0</xilinx:tag>
        <xilinx:tag xilinx:name="ui.data.coregen.dd@4b49fc6b_ARCHIVE_LOCATION">c:/VivadoProjects/ip_repo/QPSKBlockIP_1.0</xilinx:tag>
        <xilinx:tag xilinx:name="ui.data.coregen.dd@38112f9_ARCHIVE_LOCATION">c:/VivadoProjects/ip_repo/QPSKBlockIP_1.0</xilinx:tag>
        <xilinx:tag xilinx:name="ui.data.coregen.dd@3c02dbe6_ARCHIVE_LOCATION">c:/VivadoProjects/ip_repo/QPSKBlockIP_1.0</xilinx:tag>
        <xilinx:tag xilinx:name="ui.data.coregen.dd@739c7e7c_ARCHIVE_LOCATION">c:/VivadoProjects/ip_repo/QPSKBlockIP_1.0</xilinx:tag>
        <xilinx:tag xilinx:name="ui.data.coregen.dd@23a9c43_ARCHIVE_LOCATION">c:/VivadoProjects/ip_repo/QPSKBlockIP_1.0</xilinx:tag>
        <xilinx:tag xilinx:name="ui.data.coregen.dd@2a94ee81_ARCHIVE_LOCATION">c:/VivadoProjects/ip_repo/QPSKBlockIP_1.0</xilinx:tag>
        <xilinx:tag xilinx:name="ui.data.coregen.dd@7cea47e2_ARCHIVE_LOCATION">c:/VivadoProjects/ip_repo/QPSKBlockIP_1.0</xilinx:tag>
        <xilinx:tag xilinx:name="ui.data.coregen.dd@212d3fdf_ARCHIVE_LOCATION">c:/VivadoProjects/ip_repo/QPSKBlockIP_1.0</xilinx:tag>
        <xilinx:tag xilinx:name="ui.data.coregen.dd@db709c4_ARCHIVE_LOCATION">c:/VivadoProjects/ip_repo/QPSKBlockIP_1.0</xilinx:tag>
        <xilinx:tag xilinx:name="ui.data.coregen.dd@7052518d_ARCHIVE_LOCATION">c:/VivadoProjects/ip_repo/QPSKBlockIP_1.0</xilinx:tag>
        <xilinx:tag xilinx:name="ui.data.coregen.dd@65b809d_ARCHIVE_LOCATION">c:/VivadoProjects/ip_repo/QPSKBlockIP_1.0</xilinx:tag>
        <xilinx:tag xilinx:name="ui.data.coregen.dd@1437f03e_ARCHIVE_LOCATION">c:/VivadoProjects/ip_repo/QPSKBlockIP_1.0</xilinx:tag>
        <xilinx:tag xilinx:name="ui.data.coregen.dd@1a536fd7_ARCHIVE_LOCATION">c:/VivadoProjects/ip_repo/QPSKBlockIP_1.0</xilinx:tag>
        <xilinx:tag xilinx:name="ui.data.coregen.dd@66fdc1b7_ARCHIVE_LOCATION">c:/VivadoProjects/ip_repo/QPSKBlockIP_1.0</xilinx:tag>
        <xilinx:tag xilinx:name="ui.data.coregen.dd@79bc6f42_ARCHIVE_LOCATION">c:/VivadoProjects/ip_repo/QPSKBlockIP_1.0</xilinx:tag>
        <xilinx:tag xilinx:name="ui.data.coregen.dd@2a8682d7_ARCHIVE_LOCATION">c:/VivadoProjects/ip_repo/QPSKBlockIP_1.0</xilinx:tag>
        <xilinx:tag xilinx:name="ui.data.coregen.dd@6870fc4e_ARCHIVE_LOCATION">c:/VivadoProjects/ip_repo/QPSKBlockIP_1.0</xilinx:tag>
        <xilinx:tag xilinx:name="ui.data.coregen.dd@5d60d83b_ARCHIVE_LOCATION">c:/VivadoProjects/ip_repo/QPSKBlockIP_1.0</xilinx:tag>
        <xilinx:tag xilinx:name="ui.data.coregen.dd@33defac6_ARCHIVE_LOCATION">c:/VivadoProjects/ip_repo/QPSKBlockIP_1.0</xilinx:tag>
        <xilinx:tag xilinx:name="ui.data.coregen.dd@64eb17af_ARCHIVE_LOCATION">c:/VivadoProjects/ip_repo/QPSKBlockIP_1.0</xilinx:tag>
        <xilinx:tag xilinx:name="ui.data.coregen.dd@2a75379e_ARCHIVE_LOCATION">c:/VivadoProjects/ip_repo/QPSKBlockIP_1.0</xilinx:tag>
        <xilinx:tag xilinx:name="ui.data.coregen.dd@565cc925_ARCHIVE_LOCATION">c:/VivadoProjects/ip_repo/QPSKBlockIP_1.0</xilinx:tag>
        <xilinx:tag xilinx:name="ui.data.coregen.dd@1d7203ce_ARCHIVE_LOCATION">c:/VivadoProjects/ip_repo/QPSKBlockIP_1.0</xilinx:tag>
        <xilinx:tag xilinx:name="ui.data.coregen.dd@48df9e5d_ARCHIVE_LOCATION">c:/VivadoProjects/ip_repo/QPSKBlockIP_1.0</xilinx:tag>
        <xilinx:tag xilinx:name="ui.data.coregen.dd@51409ed5_ARCHIVE_LOCATION">c:/VivadoProjects/ip_repo/QPSKBlockIP_1.0</xilinx:tag>
        <xilinx:tag xilinx:name="ui.data.coregen.dd@50654ca4_ARCHIVE_LOCATION">c:/VivadoProjects/ip_repo/QPSKBlockIP_1.0</xilinx:tag>
        <xilinx:tag xilinx:name="ui.data.coregen.dd@a523b81_ARCHIVE_LOCATION">c:/VivadoProjects/ip_repo/QPSKBlockIP_1.0</xilinx:tag>
        <xilinx:tag xilinx:name="ui.data.coregen.dd@1a78042b_ARCHIVE_LOCATION">c:/VivadoProjects/ip_repo/QPSKBlockIP_1.0</xilinx:tag>
        <xilinx:tag xilinx:name="ui.data.coregen.dd@3c37b98e_ARCHIVE_LOCATION">c:/VivadoProjects/ip_repo/QPSKBlockIP_1.0</xilinx:tag>
        <xilinx:tag xilinx:name="ui.data.coregen.dd@16f29e40_ARCHIVE_LOCATION">c:/VivadoProjects/ip_repo/QPSKBlockIP_1.0</xilinx:tag>
        <xilinx:tag xilinx:name="ui.data.coregen.dd@32ea00d0_ARCHIVE_LOCATION">c:/VivadoProjects/ip_repo/QPSKBlockIP_1.0</xilinx:tag>
        <xilinx:tag xilinx:name="ui.data.coregen.dd@4d031bd0_ARCHIVE_LOCATION">c:/VivadoProjects/ip_repo/QPSKBlockIP_1.0</xilinx:tag>
        <xilinx:tag xilinx:name="ui.data.coregen.dd@68282e9e_ARCHIVE_LOCATION">c:/VivadoProjects/ip_repo/QPSKBlockIP_1.0</xilinx:tag>
        <xilinx:tag xilinx:name="ui.data.coregen.dd@2a5f20ab_ARCHIVE_LOCATION">c:/VivadoProjects/ip_repo/QPSKBlockIP_1.0</xilinx:tag>
        <xilinx:tag xilinx:name="ui.data.coregen.dd@d922ad4_ARCHIVE_LOCATION">c:/VivadoProjects/ip_repo/QPSKBlockIP_1.0</xilinx:tag>
        <xilinx:tag xilinx:name="ui.data.coregen.dd@5d398333_ARCHIVE_LOCATION">c:/VivadoProjects/ip_repo/QPSKBlockIP_1.0</xilinx:tag>
        <xilinx:tag xilinx:name="ui.data.coregen.dd@4281b4ea_ARCHIVE_LOCATION">c:/VivadoProjects/ip_repo/QPSKBlockIP_1.0</xilinx:tag>
        <xilinx:tag xilinx:name="ui.data.coregen.dd@36a8979a_ARCHIVE_LOCATION">c:/VivadoProjects/ip_repo/QPSKBlockIP_1.0</xilinx:tag>
        <xilinx:tag xilinx:name="ui.data.coregen.dd@5c10b76a_ARCHIVE_LOCATION">c:/VivadoProjects/ip_repo/QPSKBlockIP_1.0</xilinx:tag>
        <xilinx:tag xilinx:name="ui.data.coregen.dd@2c2f5258_ARCHIVE_LOCATION">c:/VivadoProjects/ip_repo/QPSKBlockIP_1.0</xilinx:tag>
        <xilinx:tag xilinx:name="ui.data.coregen.dd@2511baf5_ARCHIVE_LOCATION">c:/VivadoProjects/ip_repo/QPSKBlockIP_1.0</xilinx:tag>
        <xilinx:tag xilinx:name="ui.data.coregen.dd@13cb0290_ARCHIVE_LOCATION">c:/VivadoProjects/ip_repo/QPSKBlockIP_1.0</xilinx:tag>
        <xilinx:tag xilinx:name="ui.data.coregen.dd@668e73dc_ARCHIVE_LOCATION">c:/VivadoProjects/ip_repo/QPSKBlockIP_1.0</xilinx:tag>
        <xilinx:tag xilinx:name="ui.data.coregen.dd@18b04640_ARCHIVE_LOCATION">c:/VivadoProjects/ip_repo/QPSKBlockIP_1.0</xilinx:tag>
        <xilinx:tag xilinx:name="ui.data.coregen.dd@6d8835ba_ARCHIVE_LOCATION">c:/VivadoProjects/ip_repo/QPSKBlockIP_1.0</xilinx:tag>
        <xilinx:tag xilinx:name="ui.data.coregen.dd@2eaeba_ARCHIVE_LOCATION">c:/VivadoProjects/ip_repo/QPSKBlockIP_1.0</xilinx:tag>
        <xilinx:tag xilinx:name="ui.data.coregen.dd@4945bc2f_ARCHIVE_LOCATION">c:/VivadoProjects/ip_repo/QPSKBlockIP_1.0</xilinx:tag>
        <xilinx:tag xilinx:name="ui.data.coregen.dd@32a263d2_ARCHIVE_LOCATION">c:/VivadoProjects/ip_repo/QPSKBlockIP_1.0</xilinx:tag>
        <xilinx:tag xilinx:name="ui.data.coregen.dd@9dc4a8b_ARCHIVE_LOCATION">c:/VivadoProjects/ip_repo/QPSKBlockIP_1.0</xilinx:tag>
        <xilinx:tag xilinx:name="ui.data.coregen.dd@64a2a133_ARCHIVE_LOCATION">c:/VivadoProjects/ip_repo/QPSKBlockIP_1.0</xilinx:tag>
        <xilinx:tag xilinx:name="ui.data.coregen.dd@4dc0f24b_ARCHIVE_LOCATION">c:/VivadoProjects/ip_repo/QPSKBlockIP_1.0</xilinx:tag>
        <xilinx:tag xilinx:name="ui.data.coregen.dd@5611490c_ARCHIVE_LOCATION">c:/VivadoProjects/ip_repo/QPSKBlockIP_1.0</xilinx:tag>
        <xilinx:tag xilinx:name="ui.data.coregen.dd@5a8ee3a0_ARCHIVE_LOCATION">c:/VivadoProjects/ip_repo/QPSKBlockIP_1.0</xilinx:tag>
        <xilinx:tag xilinx:name="ui.data.coregen.dd@670d62bd_ARCHIVE_LOCATION">c:/VivadoProjects/ip_repo/QPSKBlockIP_1.0</xilinx:tag>
        <xilinx:tag xilinx:name="ui.data.coregen.dd@67850e88_ARCHIVE_LOCATION">c:/VivadoProjects/ip_repo/QPSKBlockIP_1.0</xilinx:tag>
        <xilinx:tag xilinx:name="ui.data.coregen.dd@322dee70_ARCHIVE_LOCATION">c:/VivadoProjects/ip_repo/QPSKBlockIP_1.0</xilinx:tag>
        <xilinx:tag xilinx:name="ui.data.coregen.dd@7af67255_ARCHIVE_LOCATION">c:/VivadoProjects/ip_repo/QPSKBlockIP_1.0</xilinx:tag>
      </xilinx:tags>
    </xilinx:coreExtensions>
    <xilinx:packagingInfo>
      <xilinx:xilinxVersion>2018.3</xilinx:xilinxVersion>
      <xilinx:checksum xilinx:scope="busInterfaces" xilinx:value="9e3aa48b"/>
      <xilinx:checksum xilinx:scope="memoryMaps" xilinx:value="1a29adad"/>
      <xilinx:checksum xilinx:scope="fileGroups" xilinx:value="6f9346ae"/>
      <xilinx:checksum xilinx:scope="ports" xilinx:value="fe94286b"/>
      <xilinx:checksum xilinx:scope="hdlParameters" xilinx:value="5acda4a8"/>
      <xilinx:checksum xilinx:scope="parameters" xilinx:value="45f0407b"/>
    </xilinx:packagingInfo>
  </spirit:vendorExtensions>
</spirit:component>
